Country Name in Rates List,Country Name in Rural PDF List,Country Code
Malaysia,Malaysia,MY
United States,Country Not In Rural List,US
Afghanistan,Country Not In Rural List,AF
Albania,Albania,AL
Algeria,Country Not In Rural List,DZ
American Samoa,Country Not In Rural List,AS
Andorra,Andorra,AD
Angola,Country Not In Rural List,AO
Anguilla,Country Not In Rural List,AI
Antigua & Barbuda,Antigua and Barbuda,AG
Argentina,Argentina,AR
Armenia,Country Not In Rural List,AM
Aruba,Country Not In Rural List,AW
Australia,Australia,AU
Austria,Country Not In Rural List,AT
Azerbaijan,Azerbaijan,AZ
Bahama,Bahamas,BS
Bahrain,Bahrain,BH
Bangladesh,Country Not In Rural List,BD
Barbados,Country Not In Rural List,BB
Belarus,Belarus,BY
Belgium,Country Not In Rural List,BE
Belize,Belize,BZ
Benin,Country Not In Rural List,BJ
Bermuda,Country Not In Rural List,BM
Bhutan,Country Not In Rural List,BT
Bolivia,Bolivia,BO
Bonaire,"Bonaire, Sint Eustatius and Saba",BQ
Bosnia-Herzegovina,Country Not In Rural List,BA
Botswana,Country Not In Rural List,BW
Brazil,Brazil,BR
British Virgin Islands,British Virgin Islands,VG
Brunei,Country Not In Rural List,BN
Bulgaria,Bulgaria,BG
Burkina,Country Not In Rural List,BF
Burundi Faso,Country Not In Rural List,BI
Cambodia,Cambodia,KH
Cameroon,Country Not In Rural List,CM
Canada,Canada,CA
Cape Verde,Country Not In Rural List,CV
Cayman Islands,Cayman Islands,KY
Chad,Country Not In Rural List,TD
Chile,Chile,CL
China,China,CN
Colombia,Colombia,CO
Congo,Country Not In Rural List,CG
Cook Islands,Cook Islands,CK
Costa Rica,Costa Rica,CR
Croatia,Croatia (Hrvatska),HR
Curacao,Curacao,CW
Cyprus,Country Not In Rural List,CY
Czech Republic,Country Not In Rural List,CZ
Ivory Coast,Country Not In Rural List,CI
Democratic Republic of the Congo,Country Not In Rural List,CD
Denmark,Denmark,DK
Djibouti,Country Not In Rural List,DJ
Dominica,Dominica,DM
Dominican Republic,Dominican Republic,DO
East Timor,Country Not In Rural List,TL
Ecuador,Ecuador,EC
Egypt,Country Not In Rural List,EG
El Salvador,El Salvador,SV
Eritrea,Country Not In Rural List,ER
Estonia,Country Not In Rural List,EE
Ethiopia,Country Not In Rural List,ET
Faeroe Islands,Faroe Islands,FO
Fiji,Fiji,FJ
Finland,Country Not In Rural List,FI
France,France,FR
French Guiana,French Guiana,GF
French Polynesia,French Polynesia,PF
Gabon,Country Not In Rural List,GA
Gambia,Country Not In Rural List,GM
Georgia,Georgia,GE
Germany,Germany,DE
Ghana,Country Not In Rural List,GH
Gibraltar,Country Not In Rural List,GI
Greece,Greece,GR
Greenland,Greenland,GL
Grenada,Grenada,GD
Guadeloupe,Guadeloupe,GP
Guam,Country Not In Rural List,GU
Guatemala,Country Not In Rural List,GT
Guinea,Country Not In Rural List,GN
Guyana,Guyana,GY
Haiti,Haiti,HT
Honduras,Honduras,HN
Hong Kong,Hong Kong,HK
Hungary,Country Not In Rural List,HU
Iceland,Country Not In Rural List,IS
India,India,IN
Indonesia,Indonesia,ID
Iraq,Country Not In Rural List,IQ
Ireland,Ireland,IE
Israel,Israel,IL
Italy,Italy,IT
Jamaica,Jamaica,JM
Japan,Japan,JP
Jordan,Country Not In Rural List,JO
Kazakhstan,Kazakhstan,KZ
Kenya,Country Not In Rural List,KE
Kuwait,Kuwait,KW
Kyrgyzstan,Country Not In Rural List,KG
Laos,Country Not In Rural List,LA
Latvia,Country Not In Rural List,LV
Lebanon,Country Not In Rural List,LB
Lesotho,Country Not In Rural List,LS
Liberia,Liberia,LR
Libya,Country Not In Rural List,LY
Liechtenstein,Country Not In Rural List,LI
Lithuania,Country Not In Rural List,LT
Luxembourg,Country Not In Rural List,LU
Macau,Country Not In Rural List,MO
Macedonia,Country Not In Rural List,MK
Madagascar,Country Not In Rural List,MG
Malawi,Country Not In Rural List,MW
Maldives,Country Not In Rural List,MV
Mali,Country Not In Rural List,ML
Malta,Malta,MT
Marshall Islands,Country Not In Rural List,MH
Martinique,Martinique,MQ
Mauritania,Country Not In Rural List,MR
Mauritius,Country Not In Rural List,MU
Mexico,Mexico,MX
Micronesia,Country Not In Rural List,FM
Moldova,Moldova,MD
Monaco,Country Not In Rural List,MC
Mongolia,Country Not In Rural List,MN
Monserrat,Country Not In Rural List,MS
Montenegro,Montenegro,ME
Morocco,Country Not In Rural List,MA
Mozambique,Country Not In Rural List,MZ
Namibia,Country Not In Rural List,NA
Nepal,Country Not In Rural List,NP
Netherlands,Netherlands,NL
Netherlands Antilles,Netherlands Antilles,AN
New Caledonia,New Caledonia,NC
New Zealand,New Zealand (Aotearoa),NZ
Nicaragua,Nicaragua,NI
Niger,Country Not In Rural List,NE
Nigeria,Country Not In Rural List,NG
Northern Mariana Islands,Country Not In Rural List,MP
Norway,Country Not In Rural List,NO
Oman,Oman,OM
Pakistan,Country Not In Rural List,PK
Palau,Country Not In Rural List,PW
Palestine,Palestinian Territory,PS
Panama,Panama,PA
Papua New Guinea,Papua New Guinea,PG
Paraguay,Paraguay,PY
Peru,Peru,PE
Philippines,Philippines,PH
Poland,Country Not In Rural List,PL
Portugal,Portugal,PT
Qatar,Qatar,QA
Romania,Romania,RO
Russian Federation,Russian Federation,RU
Rwanda,Country Not In Rural List,RW
Saint Lucia,Saint Lucia,LC
Saint Martin,Saint Martin,MF
Samoa,Country Not In Rural List,WS
Saudi Arabia,Country Not In Rural List,SA
Senegal,Country Not In Rural List,SN
Serbia,Serbia (Kosovo),RS
Seychelles,Country Not In Rural List,SC
Slovakia,Slovak Republic ,SK
Slovenia,Country Not In Rural List,SI
South Africa,South Africa,ZA
South Korea,Korea (South),KR
Spain,Spain,ES
Sri Lanka,Country Not In Rural List,LK
St. Kitts and Nevis,Country Not In Rural List,KN
St. Maarten,Sint Maarten ,SX
St. Vincent & the Grenadine,Saint Vincent & the Grenadines,VC
Suriname,Suriname,SR
Swaziland,Country Not In Rural List,SZ
Sweden,Sweden,SE
Switzerland,Switzerland,CH
Syrian Arab Republic,Country Not In Rural List,SY
Taiwan,Taiwan,TW
"Tanzania, United Republic of",Tanzania ,TZ
Thailand,Thailand,TH
Togo,Country Not In Rural List,TG
Tonga,Country Not In Rural List,TO
Trinidad & Tobago,Trinidad and Tobago,TT
Tunisia,Country Not In Rural List,TN
Turkey,Country Not In Rural List,TR
Turks & Caicos Islands,Turks and Caicos Islands ,TC
U.S. Virgin Islands,Virgin Islands (U.S.),VI
Uganda,Country Not In Rural List,UG
Ukraine,Ukraine,UA
United Arab Emirates,United Arab Emirates,AE
United Kingdom,Country Not In Rural List,GB
Uruguay,Country Not In Rural List,UY
Uzbekistan,Uzbekistan,UZ
Vanuatu,Vanuatu,VU
Venezuela,Venezuela,VE
Vietnam,Viet Nam,VN
Wallis & Futuna,Country Not In Rural List,WF
Yemen,Country Not In Rural List,YE
Zambia,Country Not In Rural List,ZM
Zimbabwe,Country Not In Rural List,ZW
